language,census1,pop1,census2,pop2
Assamese,1991,13079696,2001,13168484
Assamese,2001,13168484,2011,15311351
Bengali,1971,44792312,1981,51298319
Bengali,1981,51298319,1991,69595738
Bengali,1991,69595738,2001,83369769
Bengali,2001,83369769,2011,97237669
Bodo,1991,1221881,2001,1350478
Bodo,2001,1350478,2011,1482929
Dogri,1971,1299143,1981,1530616
Dogri,2001,2282589,2011,2596767
Gujarati,1971,25865012,1981,33063267
Gujarati,1981,33063267,1991,40695370
Gujarati,1991,40695370,2001,46091617
Gujarati,2001,46091617,2011,55492554
Hindi,1971,202767971,1981,257749009
Hindi,1981,257749009,1991,329505193
Hindi,1991,329505193,2001,422048642
Hindi,2001,422048642,2011,528347193
Kannada,1971,21710649,1981,25697146
Kannada,1981,25697146,1991,32753676
Kannada,1991,32753676,2001,37681520
Kannada,2001,37681520,2011,43706512
Kashmiri,1971,2495487,1981,3176975
Kashmiri,2001,5527698,2011,6797587
Konkani,1971,1508432,1981,1570108
Konkani,1981,1570108,1991,1760607
Konkani,1991,1760607,2001,2489015
Konkani,2001,2489015,2011,2256502
Maithili,1971,6130026,1981,7522265
Maithili,1981,7522265,1991,7766921
Maithili,1991,7766921,2001,12179122
Maithili,2001,12179122,2011,13583464
Malayalam,1971,21938760,1981,25700705
Malayalam,1981,25700705,1991,30377176
Malayalam,1991,30377176,2001,33066392
Malayalam,2001,33066392,2011,34838819
Manipuri,1971,791714,1981,901407
Manipuri,1981,901407,1991,1270216
Manipuri,1991,1270216,2001,1466705
Manipuri,2001,1466705,2011,1761079
Marathi,1971,41765190,1981,49452922
Marathi,1981,49452922,1991,62481681
Marathi,1991,62481681,2001,71936894
Marathi,2001,71936894,2011,83026680
Nepali,1971,1419835,1981,1360636
Nepali,1981,1360636,1991,2076645
Nepali,1991,2076645,2001,2871749
Nepali,2001,2871749,2011,2926168
Odia,1971,19863198,1981,23021528
Odia,1981,23021528,1991,28061313
Odia,1991,28061313,2001,33017446
Odia,2001,33017446,2011,37521324
Punjabi,1971,14108443,1981,19611199
Punjabi,1981,19611199,1991,23378744
Punjabi,1991,23378744,2001,29102477
Punjabi,2001,29102477,2011,33124726
Sanskrit,1971,2212,1981,6106
Sanskrit,1981,6106,1991,49736
Sanskrit,1991,49736,2001,14135
Sanskrit,2001,14135,2011,24821
Santali,1971,3786899,1981,4332511
Santali,1981,4332511,1991,5216325
Santali,1991,5216325,2001,6469600
Santali,2001,6469600,2011,7368192
Sindhi,1971,1676875,1981,2044389
Sindhi,1981,2044389,1991,2122848
Sindhi,1991,2122848,2001,2535485
Sindhi,2001,2535485,2011,2772264
Tamil,1991,53006368,2001,60793814
Tamil,2001,60793814,2011,69026881
Telugu,1971,44756923,1981,50624611
Telugu,1981,50624611,1991,66017615
Telugu,1991,66017615,2001,74002856
Telugu,2001,74002856,2011,81127740
Urdu,1971,28620895,1981,34941435
Urdu,1981,34941435,1991,43406932
Urdu,1991,43406932,2001,51536111
Urdu,2001,51536111,2011,50772631
Adi,1971,99228,1981,125371
Adi,1981,125371,1991,158409
Adi,1991,158409,2001,198462
Adi,2001,198462,2011,248834
Afghani/Kabuli/Pashto,2001,11086,2011,21677
Anal,1971,6592,1981,11074
Anal,1981,11074,1991,12156
Anal,1991,12156,2001,23191
Anal,2001,23191,2011,27217
Angami,1971,43569,1981,41761
Angami,1981,41761,1991,97631
Angami,1991,97631,2001,132225
Angami,2001,132225,2011,152796
Ao,1971,75381,1981,102321
Ao,1981,102321,1991,172449
Ao,1991,172449,2001,261387
Ao,2001,261387,2011,260008
Arabic/Arbi,1971,23318,1981,28116
Arabic/Arbi,1981,28116,1991,21975
Arabic/Arbi,1991,21975,2001,51728
Arabic/Arbi,2001,51728,2011,54947
Balti,1981,40136,1991,48498
Bhili/Bhilodi,1971,3399285,1981,4293314
Bhili/Bhilodi,1981,4293314,1991,5572308
Bhili/Bhilodi,1991,5572308,2001,9582957
Bhili/Bhilodi,2001,9582957,2011,10413637
Bhotia,1971,33226,1981,31438
Bhotia,1981,31438,1991,55483
Bhotia,1991,55483,2001,81012
Bhotia,2001,81012,2011,229954
Bhumij,1971,51651,1981,50384
Bhumij,1981,50384,1991,45302
Bhumij,1991,45302,2001,47443
Bhumij,2001,47443,2011,27506
Bishnupuriya,1991,59233,2001,77545
Bishnupuriya,2001,77545,2011,79646
Chakhesang,1991,30985,2001,11415
Chakhesang,2001,11415,2011,19846
Chakru/Chokri,1991,48207,2001,83560
Chakru/Chokri,2001,83560,2011,91216
Chang,1971,15816,1981,22442
Chang,1981,22442,1991,32478
Chang,1991,32478,2001,62408
Chang,2001,62408,2011,66852
Coorgi/Kodagu,1971,72085,1981,92678
Coorgi/Kodagu,1981,92678,1991,97011
Coorgi/Kodagu,1991,97011,2001,166187
Coorgi/Kodagu,2001,166187,2011,113857
Deori,1991,17901,2001,27960
Deori,2001,27960,2011,32376
Dimasa,1991,88543,2001,111961
Dimasa,2001,111961,2011,137184
English,1971,191595,1981,202440
English,1981,202440,1991,178598
English,1991,178598,2001,226449
English,2001,226449,2011,259678
Gadaba,1971,20420,1981,28027
Gadaba,1981,28027,1991,28158
Gadaba,1991,28158,2001,26262
Gadaba,2001,26262,2011,40976
Gangte,1991,13695,2001,14500
Gangte,2001,14500,2011,16542
Garo,1971,411731,1981,417888
Garo,1981,417888,1991,675642
Garo,1991,675642,2001,889479
Garo,2001,889479,2011,1145323
Gondi,1971,1688284,1981,1913262
Gondi,1981,1913262,1991,2124852
Gondi,1991,2124852,2001,2713790
Gondi,2001,2713790,2011,2984453
Halabi,1971,346259,1981,534825
Halabi,1981,534825,1991,534313
Halabi,1991,534313,2001,593443
Halabi,2001,593443,2011,766297
Halam,1971,19197,1981,19364
Halam,1981,19364,1991,29322
Halam,1991,29322,2001,38275
Halam,2001,38275,2011,38915
Hmar,1971,38207,1981,36365
Hmar,1981,36365,1991,65204
Hmar,1991,65204,2001,83404
Hmar,2001,83404,2011,98988
Ho,1971,751389,1981,783301
Ho,1981,783301,1991,949216
Ho,1991,949216,2001,1042724
Ho,2001,1042724,2011,1421418
Jatapu,1971,36450,1981,22850
Jatapu,1981,22850,1991,25730
Jatapu,1991,25730,2001,39331
Jatapu,2001,39331,2011,20028
Juang,1971,12172,1981,19038
Juang,1981,19038,1991,16858
Juang,1991,16858,2001,23708
Juang,2001,23708,2011,30378
Kabui,1971,50814,1981,52113
Kabui,1981,52113,1991,68925
Kabui,1991,68925,2001,94758
Kabui,2001,94758,2011,122931
Karbi/Mikir,1971,199121,1981,12600
Karbi/Mikir,1981,12600,1991,366229
Karbi/Mikir,1991,366229,2001,419534
Karbi/Mikir,2001,419534,2011,528503
Khandeshi,1971,251896,1981,1216789
Khandeshi,1981,1216789,1991,973709
Khandeshi,1991,973709,2001,2075258
Khandeshi,2001,2075258,2011,1860236
Kharia,1971,191421,1981,212605
Kharia,1981,212605,1991,225556
Kharia,1991,225556,2001,239608
Kharia,2001,239608,2011,297614
Khasi,1971,479028,1981,628846
Khasi,1981,628846,1991,912283
Khasi,1991,912283,2001,1128575
Khasi,2001,1128575,2011,1431344
Khezha,1971,11363,1981,16637
Khezha,1981,16637,1991,13004
Khezha,1991,13004,2001,40768
Khezha,2001,40768,2011,41625
Khiemnungan,1971,14414,1981,17880
Khiemnungan,1981,17880,1991,23544
Khiemnungan,1991,23544,2001,37755
Khiemnungan,2001,37755,2011,61983
Khond/Kondh,1971,196316,1981,195793
Khond/Kondh,1981,195793,1991,220783
Khond/Kondh,1991,220783,2001,118597
Khond/Kondh,2001,118597,2011,155548
Kinnauri,1971,45472,1981,52864
Kinnauri,1981,52864,1991,61794
Kinnauri,1991,61794,2001,65097
Kinnauri,2001,65097,2011,83561
Kisan,1971,73847,1981,159327
Kisan,1981,159327,1991,162088
Kisan,1991,162088,2001,141088
Kisan,2001,141088,2011,206100
Koch,1971,14256,1981,16694
Koch,1981,16694,1991,26179
Koch,1991,26179,2001,31119
Koch,2001,31119,2011,36434
Koda/Kora,1971,14333,1981,23113
Koda/Kora,1981,23113,1991,28200
Koda/Kora,1991,28200,2001,43030
Koda/Kora,2001,43030,2011,47268
Kolami,1971,66868,1981,83690
Kolami,1981,83690,1991,98281
Kolami,1991,98281,2001,121855
Kolami,2001,121855,2011,128451
Kom,1981,10062,1991,13548
Kom,1991,13548,2001,14673
Kom,2001,14673,2011,15108
Konda,1971,33720,1981,23258
Konda,1981,23258,1991,17864
Konda,1991,17864,2001,56262
Konda,2001,56262,2011,60699
Konyak,1971,72338,1981,76092
Konyak,1981,76092,1991,137722
Konyak,1991,137722,2001,248109
Konyak,2001,248109,2011,244477
Korku,1971,307434,1981,347661
Korku,1981,347661,1991,466073
Korku,1991,466073,2001,574481
Korku,2001,574481,2011,727133
Korwa,1971,15097,1981,48079
Korwa,1981,48079,1991,27485
Korwa,1991,27485,2001,34586
Korwa,2001,34586,2011,28453
Koya,1971,211877,1981,240245
Koya,1981,240245,1991,270994
Koya,1991,270994,2001,362070
Koya,2001,362070,2011,407423
Kui,1971,351017,1981,521585
Kui,1981,521585,1991,641662
Kui,1991,641662,2001,916222
Kui,2001,916222,2011,941488
Kuki,1971,32560,1981,49478
Kuki,1981,49478,1991,58263
Kuki,1991,58263,2001,52873
Kuki,2001,52873,2011,83968
Kurukh/Oraon,1971,1235665,1981,1333670
Kurukh/Oraon,1981,1333670,1991,1426618
Kurukh/Oraon,1991,1426618,2001,1751489
Kurukh/Oraon,2001,1751489,2011,1988350
Ladakhi,1981,56738,1991,72274
Lahauli,1971,16749,1981,18728
Lahauli,1981,18728,1991,22027
Lahauli,1991,22027,2001,22646
Lahauli,2001,22646,2011,11574
Lahnda,1971,41935,1981,42879
Lahnda,1981,42879,1991,27386
Lahnda,1991,27386,2001,92234
Lahnda,2001,92234,2011,108791
Lakher,1971,11867,1981,16091
Lakher,1981,16091,1991,22947
Lakher,1991,22947,2001,34751
Lakher,2001,34751,2011,42429
Lalung,1991,33746,2001,27072
Lalung,2001,27072,2011,33921
Lepcha,1971,33360,1981,27814
Lepcha,1981,27814,1991,39342
Lepcha,1991,39342,2001,50629
Lepcha,2001,50629,2011,47331
Liangmei,1991,27478,2001,34232
Liangmei,2001,34232,2011,49811
Limbu,1981,20258,1991,28174
Limbu,1991,28174,2001,37265
Limbu,2001,37265,2011,40835
Lotha,1971,36949,1981,58116
Lotha,1981,58116,1991,85802
Lotha,1991,85802,2001,170001
Lotha,2001,170001,2011,179467
Lushai/Mizo,1971,271554,1981,384528
Lushai/Mizo,1981,384528,1991,538842
Lushai/Mizo,1991,538842,2001,674756
Lushai/Mizo,2001,674756,2011,830846
Malto,1981,100177,1991,108148
Malto,1991,108148,2001,224926
Malto,2001,224926,2011,234991
Mao,1971,35381,1981,58813
Mao,1981,58813,1991,77810
Maram,1991,10144,2001,37340
Maram,2001,37340,2011,32460
Maring,1981,11663,1991,15268
Maring,1991,15268,2001,22326
Maring,2001,22326,2011,25814
Miri/Mishing,1991,390583,2001,551224
Miri/Mishing,2001,551224,2011,629954
Mishmi,1971,22354,1981,24182
Mishmi,1981,24182,1991,29000
Mishmi,1991,29000,2001,33955
Mishmi,2001,33955,2011,44100
Mogh,1971,12378,1981,17458
Mogh,1981,17458,1991,28135
Mogh,1991,28135,2001,30639
Mogh,2001,30639,2011,36665
Monpa,1971,26369,1981,33320
Monpa,1981,33320,1991,43226
Monpa,1991,43226,2001,55876
Monpa,2001,55876,2011,13703
Munda,1971,309293,1981,377492
Munda,1981,377492,1991,413894
Munda,1991,413894,2001,469357
Munda,2001,469357,2011,505922
Mundari,1971,771253,1981,742739
Mundari,1981,742739,1991,861378
Mundari,1991,861378,2001,1061352
Mundari,2001,1061352,2011,1128228
Nicobarese,1971,17971,1981,21542
Nicobarese,1981,21542,1991,26261
Nicobarese,1991,26261,2001,28784
Nicobarese,2001,28784,2011,29099
Nissi/Dafla,1971,114678,1981,140986
Nissi/Dafla,1981,140986,1991,173791
Nissi/Dafla,1991,173791,2001,211485
Nissi/Dafla,2001,211485,2011,406532
Nocte,1971,25263,1981,23776
Nocte,1981,23776,1991,30441
Nocte,1991,30441,2001,32957
Nocte,2001,32957,2011,30839
Paite,1971,27157,1981,32607
Paite,1981,32607,1991,49237
Paite,1991,49237,2001,64100
Paite,2001,64100,2011,79507
Parji,1971,73912,1981,35758
Parji,1981,35758,1991,44001
Parji,1991,44001,2001,51216
Parji,2001,51216,2011,52349
Pawi,1971,10560,1981,11656
Pawi,1981,11656,1991,15346
Pawi,1991,15346,2001,24965
Pawi,2001,24965,2011,28639
Phom,1971,18017,1981,24487
Phom,1981,24487,1991,65350
Phom,1991,65350,2001,122508
Phom,2001,122508,2011,54416
Pochury,1991,11231,2001,16744
Pochury,2001,16744,2011,21654
Rabha,1971,51146,1981,22351
Rabha,1981,22351,1991,139365
Rabha,1991,139365,2001,164770
Rabha,2001,164770,2011,139986
Rai,2001,14378,2011,15644
Rengma,1981,15563,1991,37521
Rengma,1991,37521,2001,61345
Rengma,2001,61345,2011,65328
Sangtam,1971,20015,1981,28513
Sangtam,1981,28513,1991,47461
Sangtam,1991,47461,2001,84273
Sangtam,2001,84273,2011,76000
Savara,1971,222018,1981,209092
Savara,1981,209092,1991,273168
Savara,1991,273168,2001,252519
Savara,2001,252519,2011,409549
Sema,1971,65227,1981,95630
Sema,1981,95630,1991,166157
Sema,1991,166157,2001,103529
Sema,2001,103529,2011,10802
Sherpa,1981,14195,1991,16105
Sherpa,1991,16105,2001,18342
Sherpa,2001,18342,2011,16012
Shina,1981,10275,1991,14858
Tamang,2001,17494,2011,20154
Tangkhul,1971,58167,1981,79887
Tangkhul,1981,79887,1991,101841
Tangkhul,1991,101841,2001,142035
Tangkhul,2001,142035,2011,187276
Tangsa,1971,13333,1981,12027
Tangsa,1981,12027,1991,28121
Tangsa,1991,28121,2001,40086
Tangsa,2001,40086,2011,38624
Thado,1971,51054,1981,57536
Thado,1981,57536,1991,107992
Thado,1991,107992,2001,190595
Thado,2001,190595,2011,229340
Tibetan,1971,49221,1981,63431
Tibetan,1981,63431,1991,69416
Tibetan,1991,69416,2001,85278
Tibetan,2001,85278,2011,182685
Tripuri,1971,372579,1981,502067
Tripuri,1981,502067,1991,694940
Tripuri,1991,694940,2001,854023
Tripuri,2001,854023,2011,1011294
Tulu,1971,1158419,1981,1417224
Tulu,1981,1417224,1991,1552259
Tulu,1991,1552259,2001,1722768
Tulu,2001,1722768,2011,1846427
Vaiphei,1971,12209,1981,15618
Vaiphei,1981,15618,1991,26185
Vaiphei,1991,26185,2001,39673
Vaiphei,2001,39673,2011,42748
Wancho,1971,28649,1981,32442
Wancho,1981,32442,1991,39600
Wancho,1991,39600,2001,49072
Wancho,2001,49072,2011,59154
Yimchungre,1971,19609,1981,26672
Yimchungre,1981,26672,1991,47227
Yimchungre,1991,47227,2001,92144
Yimchungre,2001,92144,2011,83259
Zeliang,1991,35079,2001,61547
Zeliang,2001,61547,2011,63529
Zemi,1981,10619,1991,22634
Zemi,1991,22634,2001,34110
Zemi,2001,34110,2011,50925
Zou,1981,12515,1991,15966
Zou,1991,15966,2001,20857
Zou,2001,20857,2011,26545
